Manufacturer Part Number 1,Designator,Footprint,Quantity

"","V1A","Nixie IN-14 Valve","1"
"","V1B","Nixie IN-14 Valve","1"
"","V1C","Nixie IN-14 Valve","1"
"","V1D","Nixie IN-14 Valve","1"
"","V1E","Nixie IN-14 Valve","1"
"","V1F","Nixie IN-14 Valve","1"
"","V2A","IN-3-Footprint-1","1"
"","V2B","IN-3-Footprint-1","1"
"06036D476MAT2A","C5","CAPC1608X87X35NL15T15","1"
"C0603X150J5GACTU","C6","CAPC1608X87X35NL15T15","1"
"C0603X150J5GACTU","C7","CAPC1608X87X35NL15T15","1"
"CD4028BPWR","U1","PW0016A_N","1"
"CGA3E2X7R1H104K080AA","C1","CAPC1608X09N","1"
"CGA3E2X7R1H104K080AA","C2","CAPC1608X09N","1"
"CGA3E2X7R1H104K080AA","C3","CAPC1608X09N","1"
"CGA3E2X7R1H104K080AA","C4","CAPC1608X09N","1"
"CRCW0603150RFKEAHP","R10","RESC1608X55X25NL10T15","1"
"CRCW0603150RFKEAHP","R11","RESC1608X55X25NL10T15","1"
"CRGCQ1210F4K7","R20A","RESC3126X65X50NL10T20","1"
"CRGCQ1210F4K7","R20B","RESC3126X65X50NL10T20","1"
"CRGCQ1210F4K7","R20C","RESC3126X65X50NL10T20","1"
"CRGCQ1210F4K7","R20D","RESC3126X65X50NL10T20","1"
"CRGCQ1210F4K7","R20E","RESC3126X65X50NL10T20","1"
"CRGCQ1210F4K7","R20F","RESC3126X65X50NL10T20","1"
"CRGCQ1210F100K","R18A","RESC3126X65X50NL10T20","1"
"CRGCQ1210F100K","R18B","RESC3126X65X50NL10T20","1"
"CRGCQ1210F100K","R18C","RESC3126X65X50NL10T20","1"
"CRGCQ1210F100K","R18D","RESC3126X65X50NL10T20","1"
"CRGCQ1210F100K","R18E","RESC3126X65X50NL10T20","1"
"CRGCQ1210F100K","R18F","RESC3126X65X50NL10T20","1"
"ERJ-3EKF33R0V","R24A","RESC1608X55X25NL10T15","1"
"ERJ-3EKF33R0V","R24B","RESC1608X55X25NL10T15","1"
"ERJ-3EKF33R0V","R24C","RESC1608X55X25NL10T15","1"
"ERJ-3EKF33R0V","R24D","RESC1608X55X25NL10T15","1"
"ERJ-3EKF33R0V","R24E","RESC1608X55X25NL10T15","1"
"ERJ-3EKF33R0V","R24F","RESC1608X55X25NL10T15","1"
"ERJ-3EKF1000V","R9","RESC1608X55X25NL10T15","1"
"ERJP14F1303U","R19A","RESC3126X65X50NL10T20","1"
"ERJP14F1303U","R19B","RESC3126X65X50NL10T20","1"
"ERJP14F1303U","R19C","RESC3126X65X50NL10T20","1"
"ERJP14F1303U","R19D","RESC3126X65X50NL10T20","1"
"ERJP14F1303U","R19E","RESC3126X65X50NL10T20","1"
"ERJP14F1303U","R19F","RESC3126X65X50NL10T20","1"
"ERJP14F1303U","R22A","RESC3126X65X50NL10T20","1"
"ERJP14F1303U","R22B","RESC3126X65X50NL10T20","1"
"ERJP14F1303U","R22C","RESC3126X65X50NL10T20","1"
"ERJP14F1303U","R22D","RESC3126X65X50NL10T20","1"
"ERJP14F1303U","R22E","RESC3126X65X50NL10T20","1"
"ERJP14F1303U","R22F","RESC3126X65X50NL10T20","1"
"ERJP14F1303U","R22G","RESC3126X65X50NL10T20","1"
"ERJP14F1303U","R22H","RESC3126X65X50NL10T20","1"
"ERJP14F1303U","R22I","RESC3126X65X50NL10T20","1"
"ERJP14F1303U","R22J","RESC3126X65X50NL10T20","1"
"FLE-120-01-G-DV","J1","FLE-120-01-XX-DV","1"
"FLE-120-01-G-DV","J2","FLE-120-01-XX-DV","1"
"FTSH-107-01-L-DV-K-A","J4","FP-FTSH-107-01-L-DV-K-A-MFG","1"
"IN-S85AT5UW","D3A","DIOC2012X11N","1"
"IN-S85AT5UW","D3B","DIOC2012X11N","1"
"IN-S85AT5UW","D3C","DIOC2012X11N","1"
"IN-S85AT5UW","D3D","DIOC2012X11N","1"
"IN-S85AT5UW","D3E","DIOC2012X11N","1"
"IN-S85AT5UW","D3F","DIOC2012X11N","1"
"MI-SMT09-0327-SK","B1","INDP9696X53N","1"
"MMBTA42LT1G","Q1","ONSC-SOT-23-3-318-08_V","1"
"MMBTA42LT1G","Q3A","ONSC-SOT-23-3-318-08_V","1"
"MMBTA42LT1G","Q3B","ONSC-SOT-23-3-318-08_V","1"
"MMBTA42LT1G","Q3C","ONSC-SOT-23-3-318-08_V","1"
"MMBTA42LT1G","Q3D","ONSC-SOT-23-3-318-08_V","1"
"MMBTA42LT1G","Q3E","ONSC-SOT-23-3-318-08_V","1"
"MMBTA42LT1G","Q3F","ONSC-SOT-23-3-318-08_V","1"
"MMBTA42LT1G","Q4A","ONSC-SOT-23-3-318-08_V","1"
"MMBTA42LT1G","Q4B","ONSC-SOT-23-3-318-08_V","1"
"MMBTA42LT1G","Q4C","ONSC-SOT-23-3-318-08_V","1"
"MMBTA42LT1G","Q4D","ONSC-SOT-23-3-318-08_V","1"
"MMBTA42LT1G","Q4E","ONSC-SOT-23-3-318-08_V","1"
"MMBTA42LT1G","Q4F","ONSC-SOT-23-3-318-08_V","1"
"MMBTA42LT1G","Q5A","ONSC-SOT-23-3-318-08_V","1"
"MMBTA42LT1G","Q5B","ONSC-SOT-23-3-318-08_V","1"
"MMBTA42LT1G","Q5C","ONSC-SOT-23-3-318-08_V","1"
"MMBTA42LT1G","Q5D","ONSC-SOT-23-3-318-08_V","1"
"MMBTA42LT1G","Q5E","ONSC-SOT-23-3-318-08_V","1"
"MMBTA42LT1G","Q5F","ONSC-SOT-23-3-318-08_V","1"
"MMBTA42LT1G","Q5G","ONSC-SOT-23-3-318-08_V","1"
"MMBTA42LT1G","Q5H","ONSC-SOT-23-3-318-08_V","1"
"MMBTA42LT1G","Q5I","ONSC-SOT-23-3-318-08_V","1"
"MMBTA42LT1G","Q5J","ONSC-SOT-23-3-318-08_V","1"
"MMBTA42LT1G","Q6A","ONSC-SOT-23-3-318-08_V","1"
"MMBTA42LT1G","Q6B","ONSC-SOT-23-3-318-08_V","1"
"MMBTA42LT1G","Q6C","ONSC-SOT-23-3-318-08_V","1"
"MMBTA42LT1G","Q6D","ONSC-SOT-23-3-318-08_V","1"
"MMBTA42LT1G","Q6E","ONSC-SOT-23-3-318-08_V","1"
"MMBTA42LT1G","Q6F","ONSC-SOT-23-3-318-08_V","1"
"MMBTA42LT1G","Q7A","ONSC-SOT-23-3-318-08_V","1"
"MMBTA42LT1G","Q7B","ONSC-SOT-23-3-318-08_V","1"
"N2506-6V0C-RB-WD","J3","N2506-6V0C-RB-WD-Footprint-1","1"
"NX3215SA-32.768K-STD-MUS-2","X1","NX3215SA-32.768K-STD-MUS-2-Footprint-1","1"
"RC0603FR-134K7L","R1","RESC1608X55X25NL10T15","1"
"RC0603FR-134K7L","R2","RESC1608X55X25NL10T15","1"
"RC0603FR-134K7L","R3","RESC1608X55X25NL10T15","1"
"RC0603FR-134K7L","R4","RESC1608X55X25NL10T15","1"
"RC0603FR-134K7L","R5","RESC1608X55X25NL10T15","1"
"RC0603FR-134K7L","R6","RESC1608X55X25NL10T15","1"
"RC0603FR-134K7L","R7","RESC1608X55X25NL10T15","1"
"RC0603FR-134K7L","R8","RESC1608X55X25NL10T15","1"
"RC0603FR-134K7L","R21A","RESC1608X55X25NL10T15","1"
"RC0603FR-134K7L","R21B","RESC1608X55X25NL10T15","1"
"RC0603FR-134K7L","R21C","RESC1608X55X25NL10T15","1"
"RC0603FR-134K7L","R21D","RESC1608X55X25NL10T15","1"
"RC0603FR-134K7L","R21E","RESC1608X55X25NL10T15","1"
"RC0603FR-134K7L","R21F","RESC1608X55X25NL10T15","1"
"RC0603FR-134K7L","R23A","RESC1608X55X25NL10T15","1"
"RC0603FR-134K7L","R23B","RESC1608X55X25NL10T15","1"
"RC0603FR-134K7L","R23C","RESC1608X55X25NL10T15","1"
"RC0603FR-134K7L","R23D","RESC1608X55X25NL10T15","1"
"RC0603FR-134K7L","R23E","RESC1608X55X25NL10T15","1"
"RC0603FR-134K7L","R23F","RESC1608X55X25NL10T15","1"
"RC0603FR-134K7L","R23G","RESC1608X55X25NL10T15","1"
"RC0603FR-134K7L","R23H","RESC1608X55X25NL10T15","1"
"RC0603FR-134K7L","R23I","RESC1608X55X25NL10T15","1"
"RC0603FR-134K7L","R23J","RESC1608X55X25NL10T15","1"
"RC0603FR-134K7L","R25A","RESC1608X55X25NL10T15","1"
"RC0603FR-134K7L","R25B","RESC1608X55X25NL10T15","1"
"RC0603FR-134K7L","R25C","RESC1608X55X25NL10T15","1"
"RC0603FR-134K7L","R25D","RESC1608X55X25NL10T15","1"
"RC0603FR-134K7L","R25E","RESC1608X55X25NL10T15","1"
"RC0603FR-134K7L","R25F","RESC1608X55X25NL10T15","1"
"RC0603FR-134K7L","R27A","RESC1608X55X25NL10T15","1"
"RC0603FR-134K7L","R27B","RESC1608X55X25NL10T15","1"
"SG73P2ETTD3003F","R26A","RESC3126X65X50NL10T20","1"
"SG73P2ETTD3003F","R26B","RESC3126X65X50NL10T20","1"
"STM32G031K8T6","U2","TQFP80P900X900X160-32N","1"
